,open,high,low,close,volume
2023-12-29,498.13,499.97,487.51,495.22,38929330.0
2023-12-28,496.43,498.8399,494.12,495.22,24658748.0
2023-12-27,495.11,496.8,490.85,494.17,23215431.0
2023-12-26,489.68,496.0,489.6,492.79,24419952.0
2023-12-22,491.95,493.83,484.67,488.3,25250676.0
2023-12-21,488.11,490.95,484.19,489.9,30042535.0
2023-12-20,496.55,499.99,480.98,481.11,39789439.0
2023-12-19,494.24,497.0,488.95,496.04,46313248.0
2023-12-18,494.0,504.3299,491.5,500.77,41258717.0
2023-12-15,481.94,494.04,481.2,488.9,47994758.0
2023-12-14,483.9,486.7,474.22,483.5,39123174.0
2023-12-13,476.29,485.94,476.08,480.88,44779186.0
2023-12-12,460.46,476.66,460.46,476.57,37238686.0
2023-12-11,474.91,475.31,458.3,466.27,50972809.0
2023-12-08,465.95,477.4085,465.5,475.06,35922370.0
2023-12-07,457.0,466.29,456.04,465.96,35082255.0
2023-12-06,472.145,473.87,454.12,455.03,36778599.0
2023-12-05,454.66,466.0,452.71,465.66,37171762.0
2023-12-04,460.77,460.77,450.1,455.1,43754344.0
2023-12-01,465.25,472.0,461.87,467.65,36931701.0
2023-11-30,480.24,481.1,464.22,467.7,52624663.0
2023-11-29,483.79,487.62,478.6,481.4,38200465.0
2023-11-28,482.36,483.229,474.73,478.21,40149085.0
2023-11-27,478.0,485.3,476.52,482.42,39566190.0
2023-11-24,484.7001,489.21,477.45,477.76,29464464.0
2023-11-22,498.52,503.3494,476.9,487.16,90064233.0
2023-11-21,501.26,505.17,492.22,499.44,56574687.0
2023-11-20,493.12,505.48,491.8101,504.09,41614260.0
2023-11-17,495.24,497.17,490.07,492.98,32589691.0
2023-11-16,486.79,495.2469,483.3,494.8,33975624.0
2023-11-15,499.35,499.6,482.0,488.88,47549735.0
2023-11-14,496.8,498.34,490.4001,496.56,41695387.0
2023-11-13,483.2,491.16,480.9901,486.2,38413570.0
2023-11-10,475.0,484.72,472.8301,483.35,42244156.0
2023-11-09,474.67,482.3,467.5,469.5,54049597.0
2023-11-08,461.0,468.67,459.68,465.74,34671894.0
2023-11-07,457.19,462.18,451.575,459.55,34316547.0
2023-11-06,452.845,459.35,448.99,457.51,40073335.0
2023-11-03,440.2,453.0899,437.23,450.05,42460959.0
2023-11-02,433.28,438.84,428.94,435.06,40917187.0
2023-11-01,408.84,423.81,408.69,423.25,43759290.0
2023-10-31,404.5,408.79,392.3001,407.8,51796870.0
2023-10-30,410.87,417.66,404.81,411.61,38802814.0
2023-10-27,411.3,412.06,400.15,405.0,41678441.0
2023-10-26,418.53,422.5555,398.8019,403.26,54100132.0
2023-10-25,433.98,436.5,415.55,417.79,39837922.0
2023-10-24,430.77,436.97,426.91,436.63,40146337.0
2023-10-23,412.29,432.4799,409.45,429.75,47853049.0
2023-10-20,418.9,424.7,410.78,413.87,47726605.0
2023-10-19,428.11,432.97,418.82,421.01,50123308.0
2023-10-18,425.91,432.19,418.25,421.96,62729434.0
2023-10-17,440.0,447.54,424.8,439.38,81233267.0
2023-10-16,450.63,462.25,449.12,460.95,37509924.0
2023-10-13,469.6,471.16,452.8,454.61,47542599.0
2023-10-12,467.77,476.09,463.3,469.45,48132500.0
2023-10-11,461.96,468.59,460.5,468.06,37813689.0
2023-10-10,453.1,462.59,450.88,457.98,36858208.0
2023-10-09,448.42,456.05,443.68,452.73,40967472.0
2023-10-06,441.93,457.89,440.26,457.62,43443602.0
2023-10-05,440.5,449.0,438.88,446.88,39348309.0
2023-10-04,437.42,441.43,432.9201,440.41,36182086.0
2023-10-03,448.08,451.3,432.46,435.17,47084954.0
2023-10-02,440.3,451.75,438.61,447.82,43329821.0
2023-09-29,438.27,441.44,433.0694,434.99,39782993.0
2023-09-28,424.6,434.4631,421.15,430.89,42466279.0
2023-09-27,423.3,428.72,416.2901,424.68,44493520.0
2023-09-26,420.01,428.2,416.55,419.11,40228209.0
2023-09-25,415.91,425.36,411.77,422.22,41909096.0
2023-09-22,415.72,421.15,412.31,416.1,47923631.0
2023-09-21,415.83,421.0,409.8,410.17,45073596.0
2023-09-20,436.0,439.03,422.23,422.39,36710769.0
2023-09-19,438.33,439.66,430.02,435.2,37306424.0
2023-09-18,427.48,442.42,420.0,439.66,50027079.0
2023-09-15,453.41,455.99,438.08,439.0,50683051.0
2023-09-14,459.5,459.8699,451.31,455.81,37009720.0
2023-09-13,446.0,459.3,445.03,454.85,39835535.0
2023-09-12,447.38,456.73,445.31,448.7,34925634.0
2023-09-11,461.48,461.63,443.12,451.78,47396555.0
2023-09-08,459.42,466.06,452.71,455.72,47389994.0
2023-09-07,455.25,463.44,451.52,462.41,43332989.0
2023-09-06,484.41,485.49,465.8,470.61,46866957.0
2023-09-05,482.23,488.5081,478.6,485.48,38265258.0
2023-09-01,497.62,498.0,481.416,485.09,46383030.0
2023-08-31,493.8,497.44,489.58,493.55,52856977.0
2023-08-30,490.44,499.27,484.25,492.64,73520598.0
2023-08-29,466.66,490.81,463.9101,487.84,70139699.0
2023-08-28,464.82,469.8,448.88,468.35,68519223.0
2023-08-25,470.12,478.05,450.24,460.18,92534052.0
2023-08-24,502.16,502.66,471.59,471.63,115604409.0
2023-08-23,458.66,472.0,452.08,471.16,77904608.0
2023-08-22,481.35,481.87,453.331,456.68,75720691.0
2023-08-21,444.94,470.65,442.22,469.67,69257337.0
2023-08-18,426.35,435.7799,416.6,432.99,58376787.0
2023-08-17,439.7,440.62,430.01,433.435,45239482.0
2023-08-16,445.2,446.75,434.06,434.86,52745068.0
2023-08-15,445.6,452.68,437.1,439.4,67651151.0
2023-08-14,404.86,438.0,403.11,437.53,69028583.0
2023-08-11,417.51,420.18,406.39,408.55,53308526.0
2023-08-10,421.6,435.74,418.35,423.88,49270530.0
2023-08-09,442.74,443.12,421.34,425.54,58644907.0
2023-08-08,448.53,452.42,440.5601,446.64,35384343.0
2023-08-07,451.11,455.4,445.6345,454.165,32215354.0
2023-08-04,449.85,456.42,443.93,446.8,36266618.0
2023-08-03,438.0,451.18,438.0,445.15,32507660.0
2023-08-02,458.31,458.4,433.87,442.69,53014157.0
2023-08-01,464.595,469.0,460.27,465.07,23927597.0
2023-07-31,467.54,471.3,465.0601,467.29,25105528.0
2023-07-28,466.68,470.27,463.81,467.5,33119424.0
2023-07-27,465.19,473.95,457.5,459.0,45597552.0
2023-07-26,460.21,460.53,446.3,454.52,36423726.0
2023-07-25,449.41,461.825,449.23,456.79,34808091.0
2023-07-24,447.31,451.09,440.4,446.12,38309974.0
2023-07-21,457.88,458.66,441.0,443.09,96376863.0
2023-07-20,465.07,470.87,450.62,455.2,53786451.0
2023-07-19,474.64,478.18,467.42,470.77,42750179.0
2023-07-18,467.01,478.9599,457.34,474.94,57019042.0
2023-07-17,462.89,464.96,452.6241,464.61,51048822.0
2023-07-14,465.8281,480.88,450.6,454.69,77207533.0
2023-07-13,445.18,461.55,444.92,459.77,47820369.0
2023-07-12,430.33,439.35,427.7728,439.02,48127702.0
2023-07-11,424.81,427.58,420.67,424.05,29824406.0
2023-07-10,426.57,428.11,416.49,421.8,35390811.0
2023-07-07,423.22,432.14,421.8,425.03,35588147.0
2023-07-06,418.44,421.79,413.46,421.03,30413879.0
2023-07-05,421.35,431.77,420.85,423.17,32361756.0
2023-07-03,425.17,428.98,422.02,424.13,19820919.0
2023-06-30,416.8,425.5,415.01,423.02,50114775.0
2023-06-29,415.58,416.0,406.0,408.22,38051430.0
2023-06-28,406.6,418.45,405.18,411.17,58263927.0
2023-06-27,407.99,419.4,404.48,418.76,46217470.0
2023-06-26,424.61,427.64,401.0,406.32,59432192.0
2023-06-23,424.64,428.09,420.15,422.09,35813984.0
2023-06-22,422.53,434.255,422.34,430.25,41773743.0
2023-06-21,435.01,436.15,420.8,430.45,55160291.0
2023-06-20,429.98,439.9,426.74,438.08,45115311.0
2023-06-16,434.5,437.21,426.605,426.92,65570941.0
2023-06-15,426.02,432.89,421.47,426.53,56862204.0
2023-06-14,408.24,430.0,405.52,429.97,74046502.0
2023-06-13,401.86,411.01,397.4,410.22,61320816.0
2023-06-12,392.0,395.2999,386.18,394.82,38967335.0
2023-06-09,390.37,397.11,385.67,387.7,42771747.0
2023-06-08,377.24,388.64,375.05,385.1,41777240.0
2023-06-07,389.15,394.99,373.56,374.75,51199789.0
2023-06-06,388.3,391.6,381.48,386.54,38872914.0
2023-06-05,389.09,395.6503,387.07,391.71,39609381.0
2023-06-02,400.97,405.0,390.5801,393.27,48273121.0
2023-06-01,384.89,400.5,383.4,397.7,63587295.0
2023-05-31,394.88,402.95,378.22,378.34,99882681.0
2023-05-30,405.95,419.38,399.49,401.11,92340110.0
2023-05-26,378.9,391.7,375.5,389.46,71439676.0
2023-05-25,385.23,394.8,366.35,379.8,154391067.0
2023-05-24,302.1,306.07,298.06,305.38,72141851.0
2023-05-23,310.0,312.88,306.31,306.88,35625326.0
2023-05-22,309.01,315.2,306.8,311.76,37199967.0
2023-05-19,315.36,315.8,309.16,312.64,47390765.0
2023-05-18,304.1,318.28,303.2,316.78,74872501.0
2023-05-17,295.84,301.99,294.3001,301.78,43253541.0
2023-05-16,288.41,298.7,288.32,292.13,44940494.0
2023-05-15,285.085,289.69,281.52,289.53,29392587.0
2023-05-12,285.29,287.8,280.46,283.4,27422225.0
2023-05-11,288.96,289.5,282.46,285.78,32214903.0
2023-05-10,290.05,291.13,284.6128,288.85,36934998.0
2023-05-09,288.99,289.73,284.5,285.71,31486946.0
2023-05-08,285.22,292.2,283.5,291.51,34497890.0
2023-05-05,278.255,287.55,277.31,286.8,36149408.0
2023-05-04,276.51,278.59,272.4,275.62,32185041.0
2023-05-03,278.4,283.67,274.72,278.02,38338740.0
2023-05-02,286.8,288.3599,280.83,282.1,40272957.0
2023-05-01,278.4,290.5844,277.8,289.1,57032853.0
2023-04-28,272.25,277.58,270.7148,277.49,29221614.0
2023-04-27,273.63,274.95,266.2501,272.26,37716119.0
2023-04-26,270.02,273.3,267.051,269.56,40449391.0
2023-04-25,270.78,272.47,262.25,262.41,37852716.0
2023-04-24,270.13,273.6599,266.7101,270.42,33928186.0
2023-04-21,269.52,271.83,267.22,271.19,34510277.0
2023-04-20,276.71,280.3,270.0,271.04,42771326.0
2023-04-19,273.61,280.0,272.32,279.31,35866041.0
2023-04-18,275.335,281.1,273.57,276.67,60481154.0
2023-04-17,265.655,270.06,264.3318,270.02,31348982.0
2023-04-14,265.04,268.83,262.2,267.58,39566013.0
2023-04-13,267.34,268.869,263.29,264.63,35361528.0
2023-04-12,273.7,274.6799,264.475,264.95,44625895.0
2023-04-11,277.235,277.9,271.26,271.69,31437817.0
2023-04-10,268.23,276.2099,266.69,275.79,39527855.0
2023-04-06,265.84,270.8,264.27,270.37,39765434.0
2023-04-05,268.29,269.98,263.95,268.81,51501474.0
2023-04-04,279.66,280.0,273.07,274.53,36859153.0
2023-04-03,275.09,280.0,273.36,279.65,39871560.0
2023-03-31,271.4,278.3431,271.05,277.77,43393277.0
2023-03-30,272.29,274.99,271.02,273.83,36451574.0
2023-03-29,268.25,270.78,265.97,269.84,39369387.0
2023-03-28,264.47,265.13,258.5,264.1,35610378.0
2023-03-27,268.37,270.0,263.65,265.31,36102574.0
2023-03-24,270.31,271.67,263.55,267.79,45541407.0
2023-03-23,271.155,274.99,266.9,271.91,56488876.0
2023-03-22,264.25,275.89,262.37,264.68,79729511.0
2023-03-21,261.8,263.92,253.81,261.99,54740776.0
2023-03-20,256.15,260.24,251.2983,259.0,43274719.0
2023-03-17,259.82,263.99,256.68,257.25,84854656.0
2023-03-16,240.27,255.88,238.94,255.41,58494626.0
2023-03-15,237.61,242.86,233.6,242.28,52448574.0
2023-03-14,234.96,242.19,234.6,240.63,47491013.0
2023-03-13,227.52,232.98,222.97,229.66,42189032.0
2023-03-10,234.09,236.27,227.26,229.65,47486565.0
2023-03-09,241.75,244.54,233.8284,234.36,50125699.0
2023-03-08,234.87,242.0,234.235,241.81,51357339.0
2023-03-07,236.0,241.25,232.41,232.88,51515388.0
2023-03-06,238.91,242.48,234.87,235.54,43742923.0
2023-03-03,233.2,239.0,231.3,238.9,41239330.0
2023-03-02,224.88,233.804,224.32,233.14,39007465.0
2023-03-01,231.92,232.5557,225.08,226.98,46002562.0
2023-02-28,233.72,238.25,232.06,232.16,45596280.0
2023-02-27,236.7,238.7994,234.54,235.01,45299367.0
2023-02-24,232.25,234.74,229.47,232.86,58971591.0
2023-02-23,234.4,238.88,230.25,236.64,111799541.0
2023-02-22,207.07,211.04,204.21,207.54,51318432.0
2023-02-21,210.0,214.938,206.18,206.55,41001455.0
2023-02-17,216.31,217.4,209.75,213.88,46588764.0
2023-02-16,221.33,225.5,219.268,220.02,41202628.0
2023-02-15,225.49,228.55,221.06,227.64,42118826.0
2023-02-14,215.78,230.488,213.66,229.71,67547350.0
2023-02-13,215.38,220.48,209.62,217.88,47491862.0
2023-02-10,216.9,220.7764,208.11,212.65,55073675.0
2023-02-09,226.06,230.2,221.2,223.37,52387578.0
2023-02-08,223.87,228.78,220.0801,222.05,55965122.0
2023-02-07,213.82,222.59,211.5,221.73,66414961.0
2023-02-06,208.06,215.7,207.86,210.89,45219709.0
2023-02-03,210.0,217.4499,207.89,211.0,42936595.0
2023-02-02,210.0,219.49,207.0,217.09,56427580.0
2023-02-01,196.91,211.92,196.11,209.43,66047704.0
2023-01-31,191.695,196.87,189.5,195.37,49801658.0
2023-01-30,199.5,201.4,191.5,191.62,48861115.0
2023-01-27,194.62,206.28,194.05,203.65,54214198.0
2023-01-26,197.01,201.66,192.78,198.02,48953542.0
2023-01-25,189.125,193.7,185.8,193.23,44953711.0
2023-01-24,188.27,194.95,188.2,192.65,49620410.0
2023-01-23,180.64,192.45,178.175,191.93,65516259.0
2023-01-20,170.11,178.56,168.25,178.39,56496712.0
2023-01-19,170.36,171.97,167.31,167.65,45293160.0
2023-01-18,176.67,178.73,172.82,173.77,43962355.0
2023-01-17,168.99,177.28,168.99,177.02,51110216.0
2023-01-13,162.78,169.22,161.65,168.99,44728706.0
2023-01-12,161.0,166.37,154.92,165.11,55140906.0
2023-01-11,158.3951,160.28,155.63,160.01,35328493.0
2023-01-10,155.07,159.6199,154.72,159.09,38410126.0
2023-01-09,152.84,160.56,151.41,156.28,50423056.0
2023-01-06,144.74,150.1,140.34,148.59,40504362.0
2023-01-05,144.91,145.64,141.4795,142.65,38916811.0
2023-01-04,145.67,148.53,142.41,147.49,43132360.0
2023-01-03,148.51,149.96,140.96,143.15,40127658.0
2022-12-30,143.34,146.2899,142.33,146.14,31048983.0
2022-12-29,144.02,146.83,142.27,146.03,35492324.0
2022-12-28,139.27,142.62,138.84,140.36,35106645.0
2022-12-27,150.74,151.0,140.56,141.21,46490226.0
2022-12-23,151.96,153.39,148.83,152.06,34932563.0
2022-12-22,160.935,161.38,148.82,153.39,56504527.0
2022-12-21,161.14,166.27,161.02,165.01,32502538.0
2022-12-20,160.64,163.1,158.52,160.85,40325979.0
2022-12-19,165.72,166.09,161.45,162.54,35403877.0
2022-12-16,168.642,170.41,164.1,165.71,47823193.0
2022-12-15,171.46,173.2,167.0,169.52,47854210.0
2022-12-14,179.87,182.52,174.2,176.74,49688810.0
2022-12-13,185.31,187.9,177.11,180.72,65658876.0
2022-12-12,170.37,175.38,167.97,175.35,45732780.0
2022-12-09,171.6,175.83,169.75,170.01,46533819.0
2022-12-08,162.73,171.79,159.59,171.69,51545554.0
2022-12-07,157.72,161.86,156.67,161.2,37238758.0
2022-12-06,165.3,165.73,158.19,159.87,35269427.0
2022-12-05,166.79,169.95,164.7201,166.1,35225517.0
2022-12-02,166.59,169.3257,164.45,168.76,37138858.0
2022-12-01,169.99,172.65,166.35,171.35,47097657.0
2022-11-30,156.97,169.3,155.97,169.23,56529822.0
2022-11-29,158.27,159.32,155.2,156.39,29838449.0
2022-11-28,160.26,163.57,157.25,158.27,30415201.0
2022-11-25,163.18,164.87,161.72,162.7,16793430.0
2022-11-23,160.98,165.27,160.4801,165.19,42724093.0
2022-11-22,153.28,160.5757,151.216,160.38,47286607.0
2022-11-21,151.47,154.77,150.8,153.17,40473931.0
2022-11-18,159.66,160.02,151.2001,154.09,49207165.0
2022-11-17,157.15,162.66,155.35,156.77,71089356.0
2022-11-16,161.615,163.62,158.73,159.1,64954684.0
2022-11-15,167.215,169.98,163.82,166.66,54587550.0
2022-11-14,162.18,165.4,159.22,162.95,52785245.0
2022-11-11,158.075,163.89,154.82,163.27,65548747.0
2022-11-10,148.0,157.73,145.47,157.5,70081925.0
2022-11-09,141.615,142.11,137.5901,137.76,45441366.0
2022-11-08,148.01,148.9101,142.16,146.02,59529199.0
2022-11-07,142.28,144.12,139.54,143.01,41006095.0
2022-11-04,139.86,142.29,136.97,141.56,61257591.0
2022-11-03,130.43,137.81,129.56,134.21,50006486.0
2022-11-02,138.5,142.1,132.1124,132.19,67262784.0
2022-11-01,138.11,139.25,135.19,135.43,43281690.0
2022-10-31,137.78,138.38,132.97,134.97,48634099.0
2022-10-28,131.04,138.5,130.61,138.34,52103993.0
2022-10-27,136.3,138.38,131.22,131.76,58311308.0
2022-10-26,128.69,133.88,127.08,128.96,53553329.0
2022-10-25,126.935,133.0,126.64,132.61,50548233.0
2022-10-24,125.08,127.1,120.64,125.99,51745740.0
2022-10-21,120.982,124.98,118.87,124.66,60949441.0
2022-10-20,121.13,127.69,121.05,121.94,65239761.0
2022-10-19,118.79,123.5,118.34,120.51,52313061.0
2022-10-18,123.44,124.92,116.18,119.67,65936206.0
2022-10-17,115.18,119.48,115.17,118.88,58077417.0
2022-10-14,120.57,121.11,112.04,112.27,71343199.0
2022-10-13,109.71,120.7799,108.13,119.6,85010301.0
2022-10-12,115.79,117.35,113.45,115.0,49259019.0
2022-10-11,115.61,118.46,112.83,115.86,66748163.0
2022-10-10,120.37,121.2432,114.0812,116.7,69869925.0
2022-10-07,125.05,126.7,120.22,120.76,67247816.0
2022-10-06,132.2,136.56,131.03,131.3,64415689.0
2022-10-05,129.107,133.21,126.21,132.09,50713073.0
2022-10-04,128.79,132.2,128.79,131.67,58418167.0
2022-10-03,123.47,126.78,121.05,125.12,54747847.0
2022-09-30,120.87,126.33,120.75,121.39,56563842.0
2022-09-29,124.48,125.0,119.4601,122.2,53276312.0
2022-09-28,124.1,128.23,123.5386,127.36,54241388.0
2022-09-27,125.07,127.36,122.58,124.13,55385406.0
2022-09-26,124.91,126.59,122.14,122.28,54734269.0
2022-09-23,124.2,126.11,122.57,125.16,66330931.0
2022-09-22,130.7,131.4897,124.28,125.61,75671089.0
2022-09-21,132.13,140.31,131.1,132.61,80767940.0
2022-09-20,132.145,134.8276,130.57,131.76,52481775.0
2022-09-19,130.12,134.63,130.1,133.82,56968528.0
2022-09-16,127.415,132.12,126.17,131.98,67075140.0
2022-09-15,130.152,132.3299,127.9,129.29,52362516.0
2022-09-14,132.54,132.8999,129.13,131.28,58850654.0
2022-09-13,138.02,139.22,130.99,131.31,71495563.0
2022-09-12,143.69,145.47,141.98,145.05,48415924.0
2022-09-09,141.57,144.74,141.26,143.87,48712842.0
2022-09-08,134.59,140.08,133.69,139.9,62487312.0
2022-09-07,135.63,138.38,133.46,137.14,51265746.0
2022-09-06,137.31,137.79,133.51,134.65,53326958.0
2022-09-02,141.0,141.71,135.91,136.47,74315746.0
2022-09-01,142.09,143.8,132.7021,139.37,117886514.0
2022-08-31,153.84,155.4,149.5851,150.94,57370986.0
2022-08-30,159.6,160.39,151.82,154.68,53018069.0
2022-08-29,160.2,163.38,157.67,158.01,49371295.0
2022-08-26,178.57,179.24,162.37,162.6,76912743.0
2022-08-25,168.44,179.47,168.33,179.13,77069133.0
2022-08-24,170.12,174.06,168.95,172.22,52266071.0
2022-08-23,169.885,174.65,169.7,171.81,36998577.0
2022-08-22,174.9,175.58,169.66,170.34,40959271.0
2022-08-19,184.06,185.2,177.7,178.49,44158833.0
2022-08-18,183.01,188.6499,181.83,187.73,41544656.0
2022-08-17,185.23,186.88,181.45,183.35,44679911.0
2022-08-16,189.195,191.42,185.01,188.79,45123964.0
2022-08-15,187.01,191.64,186.13,190.32,45766556.0
2022-08-12,181.6,187.18,179.53,187.09,47809415.0
2022-08-11,181.31,187.07,178.76,179.42,50932655.0
2022-08-10,176.98,181.18,173.1701,180.97,59742246.0
2022-08-09,172.52,174.4719,167.24,170.86,66826265.0
2022-08-08,175.02,182.39,172.42,177.93,98378318.0
2022-08-05,188.1,192.2892,186.66,189.89,38606829.0
2022-08-04,188.49,192.74,187.6,192.15,40965227.0
2022-08-03,181.84,189.68,181.37,188.93,41814557.0
2022-08-02,181.22,189.3753,180.92,185.26,48952692.0
2022-08-01,181.82,188.46,179.9,184.41,47646904.0
2022-07-29,178.13,182.44,176.92,181.63,43546042.0
2022-07-28,179.75,181.4,174.4,179.84,47464628.0
2022-07-27,170.32,179.36,169.1301,177.9,56977623.0
2022-07-26,168.89,169.19,164.78,165.33,39786491.0
2022-07-25,170.19,171.24,166.49,170.24,48074751.0
2022-07-22,178.93,179.67,171.365,173.19,53667088.0
2022-07-21,178.85,181.44,175.4456,180.5,55704928.0
2022-07-20,169.47,179.325,168.01,178.07,76053779.0
2022-07-19,164.86,171.1,161.7201,169.92,70236608.0
2022-07-18,163.02,168.97,160.02,161.01,67051745.0
2022-07-15,156.59,157.82,154.45,157.62,38593547.0
2022-07-14,151.08,154.7299,147.28,153.72,45623484.0
2022-07-13,145.9,153.75,144.65,151.64,52191834.0
2022-07-12,152.68,154.31,148.77,150.82,45848310.0
2022-07-11,155.26,155.2699,150.3801,151.52,43838873.0
2022-07-08,154.3,160.3699,153.89,158.38,46797176.0
2022-07-07,154.555,159.45,153.89,158.58,49290276.0
2022-07-06,150.1,153.1899,147.89,151.3,52906586.0
2022-07-05,141.75,149.71,140.55,149.64,65220761.0
2022-07-01,148.99,150.6291,143.92,145.23,57761008.0
2022-06-30,153.61,155.67,148.62,151.59,68607003.0
2022-06-29,158.14,158.2,151.7,155.42,48235228.0
2022-06-28,169.0,172.0199,159.45,159.82,46185936.0
2022-06-27,173.12,173.3,166.255,168.69,42796788.0
2022-06-24,165.0,171.4,163.1,171.26,47215283.0
2022-06-23,165.185,165.85,158.53,162.25,46367959.0
2022-06-22,162.26,166.62,161.8,163.6,43799744.0
2022-06-21,164.745,170.08,164.07,165.66,48308888.0
2022-06-17,156.48,159.95,153.28,158.8,63033397.0
2022-06-16,158.6,159.4232,154.01,156.01,54574867.0
2022-06-15,160.95,168.68,159.26,165.27,56393565.0
2022-06-14,157.31,160.66,154.12,158.36,46967952.0
2022-06-13,160.0,163.12,156.06,156.47,60415338.0
2022-06-10,176.0,176.97,168.69,169.74,46564966.0
2022-06-09,184.81,189.33,180.41,180.48,39557379.0
2022-06-08,187.99,191.8,185.35,186.48,36325246.0
2022-06-07,184.72,190.0,181.88,189.26,38891411.0
2022-06-06,191.39,193.37,185.642,187.86,42240615.0
2022-06-03,190.815,193.323,185.2156,187.2,59877870.0
2022-06-02,182.92,196.19,181.98,195.92,64865580.0
2022-06-01,187.24,190.5318,181.22,183.2,54451390.0
2022-05-31,189.8,192.0,183.5,186.72,66409951.0
2022-05-27,181.86,188.81,181.0,188.11,73837935.0
2022-05-26,160.36,180.92,160.22,178.51,99657452.0
2022-05-25,160.2,171.1099,160.0,169.75,78113190.0
2022-05-24,165.1,165.97,157.8,161.54,58855002.0
2022-05-23,162.74,169.15,161.7901,168.98,63988869.0
2022-05-20,173.32,174.1,157.55,166.94,73910526.0
2022-05-19,169.37,176.87,167.3405,171.24,62130959.0
2022-05-18,177.05,181.18,168.64,169.38,54516106.0
2022-05-17,180.74,183.71,176.34,181.77,58582971.0
2022-05-16,175.09,177.88,171.06,172.64,52144598.0
2022-05-13,167.88,179.2843,165.925,177.06,67043651.0
2022-05-12,162.191,167.88,155.67,161.75,70872837.0
2022-05-11,173.47,177.53,165.68,166.3,67016703.0
2022-05-10,176.89,181.98,170.25,175.95,76147429.0
2022-05-09,180.34,182.55,168.27,169.5,64445451.0
2022-05-06,187.36,195.12,179.9,186.75,63329672.0
2022-05-05,198.67,199.25,185.0,188.44,62633141.0
2022-05-04,199.23,204.0,187.51,203.34,64630503.0
2022-05-03,194.0,198.25,191.33,196.02,47575084.0
2022-05-02,185.405,195.74,183.91,195.33,57204868.0
2022-04-29,194.02,201.2848,185.17,185.47,50043491.0
2022-04-28,189.67,200.37,184.8957,197.82,57032671.0
2022-04-27,185.98,191.67,182.9,184.15,49946017.0
2022-04-26,197.18,197.88,186.7,187.88,64496017.0
2022-04-25,192.02,199.45,190.96,199.02,64156561.0
2022-04-22,203.03,204.86,195.0,195.15,62471343.0
2022-04-21,217.0915,223.92,200.0,201.83,65620944.0
2022-04-20,225.171,226.7037,212.0,214.82,46697126.0
2022-04-19,217.2,223.73,213.14,221.98,51278058.0
2022-04-18,212.0,220.88,210.79,217.83,52570061.0
2022-04-14,225.05,227.77,211.63,212.58,56909685.0
2022-04-13,217.28,225.0,214.55,222.03,51694344.0
2022-04-12,225.37,227.25,212.8204,215.04,66225807.0
2022-04-11,222.14,223.1994,216.6,219.17,57520684.0
2022-04-08,239.17,239.23,230.6201,231.19,52478064.0
2022-04-07,244.41,247.22,234.78,242.08,55799236.0
2022-04-06,249.34,253.0,240.03,244.07,70383256.0
2022-04-05,272.54,273.19,258.2,259.31,43093087.0
2022-04-04,267.28,275.58,266.13,273.6,39770782.0
2022-04-01,273.75,274.96,262.67,267.12,51723511.0
2022-03-31,277.82,282.48,272.7,272.86,52344022.0
2022-03-30,283.04,284.955,275.03,276.9,46348713.0
2022-03-29,286.945,289.46,279.8,286.56,48898440.0
2022-03-28,277.555,282.5,272.06,282.19,42549392.0
2022-03-25,278.86,283.58,272.71,276.92,57776944.0
2022-03-24,261.66,283.1999,259.07,281.5,87737914.0
2022-03-23,261.26,266.115,255.7501,256.34,50211986.0
2022-03-22,267.27,272.38,260.72,265.24,54265223.0
2022-03-21,265.07,271.5199,259.67,267.34,58807971.0
2022-03-18,247.99,265.6899,246.24,264.53,72788748.0
2022-03-17,241.2,248.42,239.06,247.66,47194119.0
2022-03-16,235.0,245.97,231.72,244.96,67142174.0
2022-03-15,215.18,230.38,213.2201,229.73,49199569.0
2022-03-14,218.69,222.62,211.5901,213.3,38535424.0
2022-03-11,230.22,231.45,220.46,221.0,36720857.0
2022-03-10,225.31,227.88,218.82,226.58,42806565.0
2022-03-09,223.87,232.2,222.47,230.14,49274195.0
2022-03-08,213.09,223.7299,206.5,215.14,55746719.0
2022-03-07,228.17,230.33,213.3,213.52,45082089.0
2022-03-04,233.84,236.8,224.82,229.36,43201070.0
2022-03-03,242.615,243.2599,234.69,237.14,36509504.0
2022-03-02,237.56,244.09,234.15,242.2,38964185.0
2022-03-01,242.91,243.77,231.32,234.77,41205598.0
2022-02-28,239.92,246.65,237.0701,243.85,47731861.0
2022-02-25,237.21,242.17,233.81,241.57,52886551.0
2022-02-24,210.15,238.0,208.9,237.48,73580063.0
2022-02-23,238.02,241.5499,223.01,223.87,56651077.0
2022-02-22,230.35,240.6399,230.0,233.9,62919566.0
2022-02-18,246.675,249.86,231.0,236.42,76125491.0
2022-02-17,256.3,257.85,241.65,245.07,81059508.0
2022-02-16,262.59,265.82,255.52,265.11,73267633.0
2022-02-15,249.49,265.45,247.84,264.95,70175280.0
2022-02-14,239.34,248.75,237.55,242.67,44042443.0
2022-02-11,259.16,261.52,237.73,239.49,60547198.0
2022-02-10,259.95,269.2499,256.0,258.24,51319972.0
2022-02-09,256.22,267.25,253.53,267.05,52428166.0
2022-02-08,243.59,252.3,239.8,251.08,41035864.0
2022-02-07,243.72,251.82,242.02,247.28,37686750.0
2022-02-04,239.72,246.35,236.32,243.19,35482850.0
2022-02-03,244.58,250.77,237.8,239.48,41017778.0
2022-02-02,257.94,258.17,245.5301,252.42,54341941.0
2022-02-01,251.04,251.45,238.9001,246.38,51892517.0
2022-01-31,231.82,245.09,230.52,244.86,56467968.0
2022-01-28,220.1215,228.58,212.96,228.4,54377425.0
2022-01-27,235.68,239.95,216.75,219.44,57335272.0
2022-01-26,232.4,240.57,223.0,227.72,75595873.0
2022-01-25,225.46,229.43,220.0,223.24,66461636.0
2022-01-24,223.3,233.8,208.88,233.72,91581063.0
2022-01-21,235.07,248.23,232.63,233.74,71895784.0
2022-01-20,253.04,255.7904,240.78,241.5,43518073.0
2022-01-19,260.79,265.4317,250.52,250.67,48360408.0
2022-01-18,262.6,266.38,257.7,259.03,42267538.0
2022-01-14,263.0,271.969,262.1001,269.42,39583235.0
2022-01-13,283.79,284.8,264.98,265.75,53886809.0
2022-01-12,280.665,285.95,276.08,279.99,38341348.0
2022-01-11,273.225,280.65,268.39,278.17,40276508.0
2022-01-10,265.81,274.69,256.4384,274.0,59468095.0
2022-01-07,281.41,284.22,270.57,272.47,40993851.0
2022-01-06,276.4,284.3799,270.65,281.78,45418637.0
2022-01-05,289.49,294.16,275.33,276.04,49806388.0
2022-01-04,302.77,304.68,283.49,292.9,52715440.0
2022-01-03,298.15,307.11,297.85,301.21,39240294.0
